{
  "": {
    "swift-dependencies": "/Users/1450316/Desktop/api/.build/debug/api.build/master.swiftdeps"
  },
  "/Users/1450316/Desktop/api/Sources/Account.swift": {
    "dependencies": "/Users/1450316/Desktop/api/.build/debug/api.build/Account.d",
    "object": "/Users/1450316/Desktop/api/.build/debug/api.build/Account.swift.o",
    "swiftmodule": "/Users/1450316/Desktop/api/.build/debug/api.build/Account~partial.swiftmodule",
    "swift-dependencies": "/Users/1450316/Desktop/api/.build/debug/api.build/Account.swiftdeps"
  },
  "/Users/1450316/Desktop/api/Sources/ApiCalls.swift": {
    "dependencies": "/Users/1450316/Desktop/api/.build/debug/api.build/ApiCalls.d",
    "object": "/Users/1450316/Desktop/api/.build/debug/api.build/ApiCalls.swift.o",
    "swiftmodule": "/Users/1450316/Desktop/api/.build/debug/api.build/ApiCalls~partial.swiftmodule",
    "swift-dependencies": "/Users/1450316/Desktop/api/.build/debug/api.build/ApiCalls.swiftdeps"
  },
  "/Users/1450316/Desktop/api/Sources/main.swift": {
    "dependencies": "/Users/1450316/Desktop/api/.build/debug/api.build/main.d",
    "object": "/Users/1450316/Desktop/api/.build/debug/api.build/main.swift.o",
    "swiftmodule": "/Users/1450316/Desktop/api/.build/debug/api.build/main~partial.swiftmodule",
    "swift-dependencies": "/Users/1450316/Desktop/api/.build/debug/api.build/main.swiftdeps"
  }
}
