{
  "": {
    "swift-dependencies": "/Users/1450316/Desktop/api/.build/debug/PerfectNet.build/master.swiftdeps"
  },
  "/Users/1450316/Desktop/api/Packages/PerfectNet-2.0.5/Sources/Net.swift": {
    "dependencies": "/Users/1450316/Desktop/api/.build/debug/PerfectNet.build/Net.d",
    "object": "/Users/1450316/Desktop/api/.build/debug/PerfectNet.build/Net.swift.o",
    "swiftmodule": "/Users/1450316/Desktop/api/.build/debug/PerfectNet.build/Net~partial.swiftmodule",
    "swift-dependencies": "/Users/1450316/Desktop/api/.build/debug/PerfectNet.build/Net.swiftdeps"
  },
  "/Users/1450316/Desktop/api/Packages/PerfectNet-2.0.5/Sources/NetEvent.swift": {
    "dependencies": "/Users/1450316/Desktop/api/.build/debug/PerfectNet.build/NetEvent.d",
    "object": "/Users/1450316/Desktop/api/.build/debug/PerfectNet.build/NetEvent.swift.o",
    "swiftmodule": "/Users/1450316/Desktop/api/.build/debug/PerfectNet.build/NetEvent~partial.swiftmodule",
    "swift-dependencies": "/Users/1450316/Desktop/api/.build/debug/PerfectNet.build/NetEvent.swiftdeps"
  },
  "/Users/1450316/Desktop/api/Packages/PerfectNet-2.0.5/Sources/NetNamedPipe.swift": {
    "dependencies": "/Users/1450316/Desktop/api/.build/debug/PerfectNet.build/NetNamedPipe.d",
    "object": "/Users/1450316/Desktop/api/.build/debug/PerfectNet.build/NetNamedPipe.swift.o",
    "swiftmodule": "/Users/1450316/Desktop/api/.build/debug/PerfectNet.build/NetNamedPipe~partial.swiftmodule",
    "swift-dependencies": "/Users/1450316/Desktop/api/.build/debug/PerfectNet.build/NetNamedPipe.swiftdeps"
  },
  "/Users/1450316/Desktop/api/Packages/PerfectNet-2.0.5/Sources/NetTCP.swift": {
    "dependencies": "/Users/1450316/Desktop/api/.build/debug/PerfectNet.build/NetTCP.d",
    "object": "/Users/1450316/Desktop/api/.build/debug/PerfectNet.build/NetTCP.swift.o",
    "swiftmodule": "/Users/1450316/Desktop/api/.build/debug/PerfectNet.build/NetTCP~partial.swiftmodule",
    "swift-dependencies": "/Users/1450316/Desktop/api/.build/debug/PerfectNet.build/NetTCP.swiftdeps"
  },
  "/Users/1450316/Desktop/api/Packages/PerfectNet-2.0.5/Sources/NetTCPSSL.swift": {
    "dependencies": "/Users/1450316/Desktop/api/.build/debug/PerfectNet.build/NetTCPSSL.d",
    "object": "/Users/1450316/Desktop/api/.build/debug/PerfectNet.build/NetTCPSSL.swift.o",
    "swiftmodule": "/Users/1450316/Desktop/api/.build/debug/PerfectNet.build/NetTCPSSL~partial.swiftmodule",
    "swift-dependencies": "/Users/1450316/Desktop/api/.build/debug/PerfectNet.build/NetTCPSSL.swiftdeps"
  }
}
